partner,games,avg_fouls,diff_from_avg
Brandon Long,4,27.0,3.2857142857142847
Roy Reed,4,27.0,3.2857142857142847
Robert Mcdow,4,24.5,0.7857142857142847
